Algoritmo,AUC,F1,Recall,Precision,Tiempo_s
LOF (k=20),0.9063333333333333,0.7560975609756098,0.62,0.96875,3.002312660217285
LOF (k=5),0.8871111111111111,0.7777777777777778,0.6533333333333333,0.9607843137254902,0.021255970001220703
Isolation Forest,0.763,0.15853658536585366,0.08666666666666667,0.9285714285714286,0.42232656478881836
One-Class SVM,0.7476666666666666,0.5727699530516432,0.4066666666666667,0.9682539682539683,0.0065386295318603516
Elliptic Envelope,0.653,0.0,0.0,0.0,0.09901595115661621
